Name,Mean,MeanLB,MeanUB,Stddev,StddevLB,StddevUB
"Validity",2.6430365958880806,2.604266850061361,2.653074275560323,9.026419132560513e-2,1.8114550533469734e-2,0.21115424755057438
"+ Ordering + Use",0.6900549927424815,0.6874404206942945,0.691483418054524,9.571664822505856e-3,6.148694602547806e-3,1.5163323781960104e-2
"+Caller/Callee",0.5796944084834484,0.57579815537447,0.5821145716380506,1.5459776397514816e-2,1.1089216865085119e-2,2.2295241889608842e-2
"+Dead Computation",0.4371257820796398,0.4275536647509962,0.44331457287782716,3.875559918684765e-2,2.7914458873960584e-2,5.089216976536134e-2
"+Dead Code",7.282060534471556e-2,7.198070437425662e-2,7.332351834291505e-2,3.2570366024786803e-3,2.282880763749406e-3,4.932358462819323e-3
