Name,Mean,MeanLB,MeanUB,Stddev,StddevLB,StddevUB
"Validity",2.382594339911317,2.379270055834625,2.385420356814244,3.493537239237355e-2,3.091927703853658e-2,4.134725346299643e-2
"+ Ordering + Use",0.6237895317715159,0.6224979124706742,0.6248393741291529,1.3250072678729694e-2,1.1327021181836365e-2,1.5536046021551975e-2
"+Caller/Callee",0.5350544186275961,0.5338209825199604,0.536034012381411,1.2506966396716978e-2,1.057263560480394e-2,1.4909362240489976e-2
"+Dead Computation",0.414007865492678,0.4128915758770466,0.41485803944287275,1.1042594410553943e-2,9.191000740910567e-3,1.3305238034446408e-2
"+Dead Code",6.637026125607504e-2,6.607394129452704e-2,6.657524162945756e-2,2.7807893502584903e-3,2.150387781800063e-3,3.5969917214317706e-3
