Name,Mean,MeanLB,MeanUB,Stddev,StddevLB,StddevUB
"Validity",2.2553140013290673,2.214985179193144,2.2887801473213476,0.18734611735312756,0.16135194495556313,0.2211577844600394
"+ Ordering + Use",0.5914371769501013,0.5792376511169716,0.6007794659210485,5.4253305551385037e-2,4.3783181978004876e-2,6.650242808691219e-2
"+Caller/Callee",0.5153047030044836,0.5054767291618625,0.5226109902931493,4.322384770771496e-2,3.438372555406249e-2,5.42485349875293e-2
"+Dead Computation",0.30715008188021603,0.29951123166811877,0.31710630822909297,4.445925887297741e-2,3.613479948795092e-2,5.234348305973379e-2
"+Dead Code",4.578132797015133e-2,4.5700845010404e-2,4.58706586433691e-2,4.330524639265372e-4,3.783936088279826e-4,5.023152234876762e-4
